{"cameraMode":{"drawMode":0,"name":"Shaded","section":"Shading Mode"},"sceneLighting":false,"audioPlay":false,"sceneViewState":{"showFog":true,"showMaterialUpdate":false,"showSkybox":true,"showFlares":true,"showImageEffects":true,"showParticleSystems":true},"in2DMode":false,"pivot":{"x":0.6867263317108154,"y":1.4183769226074219,"z":1.2144789695739747},"rotation":{"x":-0.20981623232364655,"y":0.5900135636329651,"z":-0.1623387634754181,"w":-0.762566328048706},"size":1.7089943885803223,"orthographic":false}