{"cameraMode":{"drawMode":0,"name":"Shaded","section":"Shading Mode"},"sceneLighting":false,"audioPlay":false,"sceneViewState":{"showFog":true,"showMaterialUpdate":false,"showSkybox":true,"showFlares":true,"showImageEffects":true,"showParticleSystems":true},"in2DMode":false,"pivot":{"x":0.0,"y":34.810001373291019,"z":-0.11558330059051514},"rotation":{"x":-0.0005350186838768423,"y":-0.9989784359931946,"z":0.04348303750157356,"w":-0.012294011190533638},"size":4.211791515350342,"orthographic":false}