{"cameraMode":{"drawMode":0,"name":"Shaded","section":"Shading Mode"},"sceneLighting":false,"audioPlay":false,"sceneViewState":{"showFog":true,"showMaterialUpdate":false,"showSkybox":true,"showFlares":true,"showImageEffects":true,"showParticleSystems":true},"in2DMode":false,"pivot":{"x":2.9802322387695315e-8,"y":1.4482531547546387,"z":0.10277203470468521},"rotation":{"x":0.23734977841377259,"y":-0.22204656898975373,"z":0.0558251291513443,"w":0.9440572261810303},"size":1.5271013975143433,"orthographic":false}