{"cameraMode":{"drawMode":0,"name":"Shaded","section":"Shading Mode"},"sceneLighting":false,"audioPlay":false,"sceneViewState":{"showFog":true,"showMaterialUpdate":false,"showSkybox":true,"showFlares":true,"showImageEffects":true,"showParticleSystems":true},"in2DMode":false,"pivot":{"x":0.0,"y":-0.16999998688697816,"z":0.5720000267028809},"rotation":{"x":-0.20981623232364655,"y":0.5900135636329651,"z":-0.1623387634754181,"w":-0.762566328048706},"size":1.3146265745162964,"orthographic":false}